workloadId,cpuRequired,memoryRequired,runtime,deadline,delayTolerant,basePrice,emergencyFlag
W1,12,41,7,1774117392,True,19,False
W2,4,54,3,1774117854,False,27,True
W3,11,15,9,1774120881,True,19,True
W4,14,15,3,1774119570,True,48,False
W5,3,47,5,1774117071,True,19,True
W6,13,16,8,1774114074,False,14,True
W7,2,23,4,1774119131,True,37,False
W8,3,62,9,1774115800,False,13,True
W9,15,49,1,1774112812,True,39,False
W10,4,7,6,1774115838,True,5,True
W11,10,14,4,1774113355,True,22,False
W12,15,46,4,1774116361,True,44,False
W13,5,1,9,1774113113,False,35,True
W14,8,16,6,1774116094,True,13,True
W15,6,41,9,1774115152,True,27,True
W16,8,55,2,1774120276,True,30,False
W17,6,47,8,1774113968,False,29,False
W18,11,24,8,1774121266,True,28,False
W19,2,45,3,1774118479,True,5,True
W20,4,53,7,1774115517,True,10,True
W21,9,64,4,1774120159,False,22,False
W22,6,27,1,1774113103,False,26,False
W23,4,7,5,1774121981,True,31,True
W24,3,54,10,1774118917,False,20,True
W25,11,62,1,1774117189,False,21,True
W26,14,37,8,1774119334,True,12,True
W27,2,27,3,1774121024,True,26,False
W28,16,54,10,1774113999,False,36,False
W29,15,28,8,1774121634,False,7,False
W30,3,53,5,1774119928,False,29,True
W31,5,5,10,1774121963,True,17,True
W32,1,22,8,1774114606,True,22,False
W33,12,57,5,1774120035,False,10,False
W34,10,50,8,1774119595,False,27,True
W35,1,3,2,1774115293,True,34,False
W36,12,57,8,1774114119,True,40,False
W37,5,43,6,1774119515,False,19,False
W38,9,4,10,1774115370,False,27,True
W39,14,64,7,1774119404,False,15,False
W40,3,53,1,1774119751,True,17,False
W41,7,53,10,1774117598,False,20,True
W42,4,24,9,1774116969,True,17,False
W43,16,9,9,1774112492,True,28,False
W44,2,5,8,1774118249,False,11,False
W45,1,2,8,1774120932,False,21,False
W46,13,40,8,1774119363,False,41,True
W47,13,13,3,1774116372,True,44,True
W48,12,9,6,1774112426,False,20,False
W49,4,32,8,1774118173,True,47,True
W50,10,32,9,1774120921,False,6,True
W51,13,21,5,1774114211,True,8,True
W52,4,41,9,1774117496,True,45,True
W53,2,37,3,1774114400,False,6,True
W54,5,31,7,1774114349,False,15,True
W55,13,7,2,1774114314,True,50,False
W56,5,31,10,1774112867,False,42,False
W57,7,45,1,1774115419,True,7,True
W58,9,53,3,1774113268,True,18,True
W59,9,5,8,1774121531,False,13,False
W60,5,20,8,1774114755,False,46,True
W61,12,22,7,1774112335,False,31,False
W62,3,59,5,1774118183,True,10,True
W63,2,49,2,1774120090,False,35,False
W64,11,54,1,1774116542,False,32,True
W65,13,44,3,1774116180,True,26,False
W66,16,35,3,1774115572,True,10,False
W67,11,15,8,1774116177,False,39,False
W68,10,22,2,1774120043,False,15,False
W69,13,40,5,1774120679,True,12,True
W70,6,64,8,1774116595,False,22,True
W71,6,46,1,1774119248,False,29,False
W72,8,22,6,1774115596,False,5,True
W73,8,24,10,1774115329,False,6,False
W74,7,10,1,1774116798,True,38,False
W75,11,40,3,1774117601,False,42,False
W76,6,58,6,1774120630,True,19,False
W77,4,41,1,1774115129,True,30,True
W78,2,20,1,1774119813,True,36,True
W79,16,56,1,1774121243,False,40,True
W80,13,44,3,1774113248,False,35,False
W81,14,64,6,1774121667,True,43,False
W82,4,47,7,1774117106,False,15,False
W83,14,38,3,1774118402,False,28,False
W84,13,28,1,1774118685,False,5,True
W85,11,4,9,1774116749,False,7,False
W86,13,52,3,1774120234,False,36,True
W87,13,50,10,1774115776,True,7,False
W88,12,4,3,1774116817,True,43,True
W89,8,42,7,1774115131,True,36,True
W90,2,12,7,1774121775,False,23,False
W91,9,21,6,1774115950,True,40,False
W92,11,59,9,1774120633,False,13,False
W93,16,47,4,1774116571,False,27,False
W94,14,37,3,1774113791,True,31,True
W95,3,24,10,1774114603,True,14,False
W96,3,35,5,1774120276,True,34,True
W97,14,58,3,1774119567,True,33,False
W98,7,20,4,1774112611,True,18,False
W99,12,4,6,1774121710,False,27,False
W100,5,1,10,1774115754,False,22,True
W101,7,31,3,1774112334,False,12,False
W102,10,4,8,1774116803,True,12,True
W103,8,8,9,1774121023,True,17,False
W104,5,61,3,1774118287,False,34,False
W105,5,45,8,1774115511,False,49,True
W106,4,7,4,1774117524,True,26,True
W107,3,11,10,1774114726,True,33,True
W108,14,23,2,1774113544,True,49,False
W109,7,33,9,1774112448,True,13,False
W110,7,43,4,1774112215,True,46,True
W111,6,62,4,1774120304,False,31,False
W112,9,17,7,1774114328,False,42,False
W113,15,52,6,1774115949,True,30,True
W114,16,24,5,1774113962,False,50,True
W115,2,12,1,1774117998,True,23,False
W116,9,25,9,1774117415,True,43,True
W117,6,57,4,1774116819,False,12,False
W118,4,59,4,1774121792,False,32,False
W119,15,29,4,1774113318,False,15,False
W120,7,16,1,1774120211,False,6,True
W121,16,44,1,1774114334,True,29,False
W122,10,16,5,1774121095,True,17,True
W123,12,43,1,1774114741,False,20,False
W124,10,4,2,1774113412,True,29,False
W125,8,54,4,1774117737,True,14,False
W126,3,46,6,1774121229,True,19,False
W127,1,49,3,1774121861,True,22,True
W128,12,26,4,1774121553,False,31,False
W129,2,49,1,1774115835,True,16,False
W130,3,14,8,1774112353,False,18,True
W131,12,7,1,1774120658,False,25,True
W132,5,50,10,1774120968,False,10,False
W133,1,25,9,1774119479,True,47,False
W134,3,17,1,1774121319,False,7,True
W135,7,49,4,1774117134,True,36,True
W136,7,56,4,1774118805,False,15,True
W137,11,12,2,1774118878,True,10,True
W138,13,19,7,1774114003,True,13,True
W139,5,20,5,1774118724,False,49,False
W140,14,36,10,1774118898,True,11,True
W141,2,63,6,1774116091,False,42,True
W142,7,9,10,1774112139,False,10,True
W143,5,11,3,1774115075,False,41,False
W144,2,58,5,1774112920,True,24,False
W145,8,46,4,1774114454,True,5,True
W146,16,61,9,1774118137,True,13,False
W147,4,36,6,1774113158,False,50,False
W148,13,50,2,1774117920,False,6,False
W149,12,43,3,1774114671,False,36,True
W150,6,18,6,1774118560,True,19,True
W151,4,32,5,1774115033,True,37,False
W152,8,36,5,1774116837,True,33,False
W153,9,61,3,1774112853,True,28,False
W154,5,42,4,1774119052,True,18,False
W155,16,3,9,1774116186,False,8,False
W156,4,52,9,1774112869,False,19,True
W157,16,35,6,1774112144,False,21,True
W158,5,55,4,1774112524,False,5,False
W159,13,24,8,1774121743,False,47,False
W160,8,13,4,1774116593,True,42,False
W161,9,50,4,1774121517,True,41,False
W162,12,29,3,1774117640,False,21,False
W163,6,28,9,1774114214,True,32,False
W164,2,8,8,1774116511,False,34,True
W165,16,37,4,1774114717,False,41,True
W166,3,7,2,1774118259,False,45,True
W167,13,10,4,1774112971,False,6,True
W168,7,45,8,1774112951,True,24,True
W169,16,22,6,1774114174,False,12,True
W170,2,25,6,1774119649,True,14,False
W171,12,35,4,1774116214,True,35,False
W172,7,20,5,1774119211,True,29,True
W173,15,41,1,1774115223,True,18,True
W174,16,43,2,1774118610,False,8,True
W175,2,15,1,1774120541,True,42,False
W176,5,36,3,1774112146,True,50,False
W177,16,6,9,1774118357,True,41,True
W178,1,18,3,1774116723,True,16,True
W179,11,50,7,1774119038,False,35,True
W180,16,43,6,1774112588,False,50,False
W181,14,17,9,1774113557,True,32,True
W182,13,29,2,1774121656,True,19,False
W183,14,55,8,1774116486,False,40,True
W184,12,51,2,1774114274,True,5,True
W185,12,34,5,1774112819,False,38,True
W186,11,44,1,1774117187,True,43,True
W187,9,10,4,1774112077,False,23,False
W188,5,11,5,1774119985,True,5,False
W189,8,10,1,1774119969,True,17,True
W190,4,24,10,1774119320,False,46,False
W191,10,37,5,1774113676,False,45,False
W192,14,30,1,1774118831,False,8,True
W193,12,18,7,1774113600,False,17,True
W194,16,42,2,1774117034,True,42,True
W195,3,12,5,1774120532,False,9,True
W196,3,59,9,1774114129,False,16,False
W197,9,64,8,1774118310,True,8,True
W198,15,36,6,1774117810,False,27,False
W199,13,35,2,1774113730,True,27,True
W200,5,18,2,1774120444,True,30,False
W201,8,7,9,1774112097,False,35,True
W202,2,5,9,1774112273,False,16,True
W203,2,44,8,1774121491,True,16,False
W204,5,42,5,1774119787,True,24,False
W205,5,53,5,1774120003,True,49,False
W206,7,40,2,1774115419,False,16,False
W207,14,42,2,1774113066,False,11,False
W208,9,1,4,1774113065,True,15,False
W209,3,21,4,1774118318,False,25,False
W210,12,17,2,1774117865,True,43,False
W211,7,10,10,1774117698,True,11,True
W212,8,43,5,1774113231,True,41,True
W213,3,5,3,1774120882,False,31,True
W214,15,26,3,1774114267,False,19,True
W215,4,57,10,1774116767,False,50,False
W216,5,55,1,1774114843,True,23,False
W217,14,45,7,1774112982,False,42,True
W218,5,25,5,1774115448,False,33,False
W219,16,43,4,1774114651,True,16,False
W220,15,7,10,1774118682,True,6,False
W221,4,63,3,1774117416,False,47,False
W222,12,11,2,1774121928,False,50,True
W223,14,39,5,1774119508,True,29,False
W224,12,60,4,1774119560,True,22,False
W225,11,62,1,1774120648,False,48,False
W226,9,52,6,1774114167,False,31,False
W227,15,33,7,1774121091,False,10,False
W228,14,20,1,1774117873,False,30,False
W229,13,14,6,1774113287,True,30,True
W230,1,10,8,1774118283,True,20,False
W231,11,17,6,1774117081,False,31,False
W232,16,18,6,1774113795,False,43,True
W233,11,33,5,1774115096,True,36,True
W234,12,35,1,1774116570,True,23,False
W235,9,13,6,1774116099,False,11,False
W236,12,19,4,1774117591,False,8,False
W237,14,41,1,1774112198,True,15,False
W238,14,62,9,1774115122,False,25,True
W239,8,30,9,1774121713,False,12,True
W240,13,53,8,1774120410,True,36,True
W241,16,52,2,1774121362,True,5,True
W242,6,45,9,1774119705,False,32,True
W243,16,52,4,1774118272,True,20,True
W244,10,60,10,1774120451,True,37,True
W245,8,15,9,1774117118,False,38,True
W246,9,26,4,1774118730,True,36,True
W247,3,14,10,1774118930,True,48,False
W248,6,13,7,1774118278,False,21,False
W249,12,59,6,1774118043,True,19,False
W250,13,25,9,1774121861,True,10,False
W251,14,18,2,1774112178,False,30,True
W252,12,28,1,1774113275,True,29,False
W253,13,6,5,1774114705,False,13,False
W254,11,47,8,1774117713,True,9,False
W255,9,55,10,1774118472,False,26,True
W256,4,27,10,1774120446,False,47,False
W257,5,53,4,1774112620,True,27,False
W258,8,48,3,1774115600,True,18,True
W259,13,10,3,1774112179,False,18,False
W260,12,53,8,1774118696,True,7,True
W261,14,42,2,1774120160,True,9,True
W262,5,37,6,1774114685,True,42,True
W263,3,6,9,1774112106,True,35,False
W264,16,62,5,1774112129,True,36,True
W265,5,14,6,1774116113,True,46,False
W266,7,33,2,1774114897,False,38,False
W267,7,48,7,1774112126,True,17,False
W268,6,35,2,1774114036,False,32,True
W269,15,61,10,1774120861,True,15,True
W270,15,13,5,1774112466,True,26,True
W271,11,9,7,1774120121,False,6,False
W272,2,62,5,1774118004,False,18,False
W273,12,56,8,1774112976,True,11,False
W274,10,14,5,1774118105,False,7,False
W275,1,35,9,1774115415,True,23,True
W276,1,4,2,1774120428,True,44,False
W277,7,57,4,1774116914,True,29,True
W278,8,27,10,1774115220,False,31,False
W279,12,29,6,1774115764,True,27,True
W280,15,58,3,1774115165,False,50,False
W281,10,64,3,1774120319,True,32,True
W282,15,33,3,1774113877,True,16,True
W283,3,10,8,1774119863,True,15,True
W284,13,5,1,1774121091,True,21,False
W285,13,50,7,1774118049,True,20,False
W286,10,45,3,1774120680,True,21,True
W287,10,29,1,1774121336,True,7,False
W288,16,40,8,1774114247,False,9,False
W289,1,60,5,1774117028,False,10,True
W290,8,2,7,1774116283,True,44,True
W291,8,6,2,1774114503,False,21,False
W292,2,32,1,1774118452,True,48,False
W293,16,25,7,1774116831,True,16,False
W294,14,21,1,1774121758,True,41,False
W295,14,29,2,1774117407,True,44,True
W296,10,6,2,1774121587,True,18,True
W297,3,24,10,1774115403,True,21,True
W298,4,54,1,1774118683,False,45,True
W299,3,30,7,1774120349,True,23,True
W300,3,44,6,1774115245,False,45,True
W301,15,37,1,1774115508,True,28,False
W302,11,21,5,1774119347,True,6,True
W303,3,7,8,1774113109,False,17,True
W304,1,42,1,1774117049,True,15,False
W305,16,58,5,1774120333,False,31,False
W306,11,15,5,1774113532,True,43,True
W307,14,35,1,1774116800,False,35,True
W308,9,18,7,1774117900,True,49,False
W309,11,30,9,1774113883,False,41,False
W310,4,49,3,1774121884,False,30,True
W311,5,5,5,1774116707,True,9,False
W312,12,21,2,1774112533,False,18,True
W313,9,28,9,1774115892,True,45,True
W314,4,62,1,1774115171,True,42,False
W315,11,20,1,1774113828,True,12,False
W316,3,14,5,1774112187,False,30,False
W317,5,7,4,1774118095,False,38,True
W318,14,63,4,1774115118,False,15,False
W319,12,20,8,1774120853,False,8,False
W320,4,63,3,1774112595,True,50,True
W321,9,34,1,1774119566,False,42,False
W322,12,54,2,1774115737,False,30,False
W323,6,3,5,1774114136,True,29,True
W324,14,55,2,1774117034,True,8,True
W325,6,23,10,1774115091,True,8,False
W326,11,39,10,1774115378,True,21,False
W327,5,61,5,1774117109,False,17,False
W328,1,7,4,1774112502,False,37,False
W329,3,44,8,1774121691,False,46,False
W330,5,17,10,1774119857,True,47,True
W331,8,57,9,1774117014,True,7,False
W332,8,51,10,1774121939,False,12,False
W333,8,58,1,1774114194,True,43,False
W334,16,49,10,1774114750,True,18,True
W335,2,32,3,1774116702,False,12,True
W336,5,20,4,1774118103,False,27,False
W337,2,2,2,1774115748,False,42,False
W338,12,4,8,1774121464,False,32,False
W339,2,55,9,1774116640,False,34,False
W340,11,2,4,1774112454,False,27,False
W341,4,20,9,1774121213,True,28,True
W342,13,16,3,1774119381,True,42,False
W343,16,44,5,1774113119,True,42,False
W344,8,3,10,1774115578,False,36,False
W345,4,63,9,1774112418,False,42,True
W346,13,30,9,1774120678,True,38,False
W347,9,60,4,1774117246,False,44,True
W348,8,58,10,1774119275,False,30,True
W349,13,31,2,1774121292,False,50,False
W350,7,35,9,1774115511,False,26,True
W351,3,13,3,1774121373,False,45,True
W352,1,39,8,1774116577,False,46,False
W353,1,35,2,1774113252,False,6,True
W354,9,55,3,1774112176,False,29,False
W355,10,26,3,1774114436,True,24,True
W356,5,55,2,1774120072,False,33,False
W357,2,47,7,1774117421,True,42,True
W358,12,54,5,1774121729,True,50,True
W359,7,7,5,1774119241,True,22,False
W360,2,30,8,1774114160,False,35,False
W361,3,58,4,1774117593,False,23,False
W362,8,18,9,1774119452,True,19,True
W363,13,1,3,1774116315,True,6,False
W364,2,44,10,1774118335,True,5,True
W365,16,45,10,1774120346,True,38,True
W366,3,13,6,1774118308,True,14,True
W367,5,13,3,1774120301,True,33,True
W368,13,31,10,1774113682,False,27,True
W369,4,64,6,1774113998,False,24,False
W370,16,45,7,1774117872,True,43,True
W371,7,10,3,1774119688,False,41,False
W372,4,60,4,1774121732,True,45,True
W373,3,33,2,1774121838,True,47,False
W374,7,47,9,1774112999,True,38,False
W375,14,4,1,1774119101,True,13,True
W376,5,34,6,1774115666,False,13,True
W377,2,8,2,1774114399,True,21,False
W378,8,54,5,1774119040,True,42,False
W379,5,19,8,1774118581,True,19,False
W380,10,46,1,1774114768,True,19,False
W381,6,21,2,1774119410,False,11,True
W382,7,62,8,1774114717,True,11,False
W383,3,10,6,1774113212,False,5,True
W384,7,7,7,1774117402,False,19,False
W385,9,62,10,1774113848,False,9,True
W386,3,39,2,1774112875,False,29,True
W387,1,42,5,1774119409,True,48,False
W388,8,57,8,1774115860,True,46,False
W389,12,42,9,1774121629,True,20,True
W390,10,46,8,1774118300,True,41,True
W391,9,3,9,1774113765,True,9,True
W392,15,10,5,1774112484,False,14,False
W393,4,19,7,1774120135,True,34,True
W394,7,12,8,1774119134,True,43,True
W395,12,41,8,1774114841,True,17,True
W396,14,54,5,1774118427,True,17,False
W397,16,24,6,1774115118,False,33,True
W398,13,9,2,1774114611,True,48,False
W399,10,28,9,1774121689,False,32,False
W400,1,55,10,1774121112,False,23,True
W401,2,35,7,1774121378,False,12,True
W402,9,38,4,1774112909,True,41,False
W403,11,58,8,1774118390,False,22,False
W404,14,1,9,1774116546,False,45,True
W405,10,60,8,1774118931,True,22,True
W406,2,63,6,1774115453,False,19,True
W407,14,1,9,1774114169,False,11,True
W408,1,22,10,1774114643,False,18,True
W409,14,35,9,1774121730,True,31,True
W410,6,47,10,1774112625,True,32,True
W411,7,27,2,1774112163,False,23,False
W412,7,8,9,1774113637,True,13,False
W413,6,35,2,1774116675,True,10,True
W414,15,60,5,1774115548,True,15,False
W415,11,34,1,1774121285,True,16,True
W416,7,32,4,1774119705,False,44,True
W417,15,6,2,1774114978,True,5,False
W418,1,5,2,1774121875,False,27,True
W419,1,52,8,1774112643,True,29,True
W420,6,58,9,1774120201,True,24,True
W421,16,47,2,1774118780,False,7,True
W422,3,8,5,1774114346,True,26,False
W423,8,31,8,1774114536,True,12,False
W424,15,28,2,1774119215,True,39,False
W425,8,37,7,1774118792,True,41,True
W426,15,30,2,1774114847,False,5,False
W427,5,37,10,1774117743,False,22,True
W428,11,22,2,1774114399,False,6,False
W429,5,53,9,1774117513,False,34,True
W430,16,51,4,1774121779,True,16,False
W431,2,14,5,1774112859,True,16,True
W432,2,24,1,1774114452,False,14,True
W433,16,60,9,1774119617,True,6,True
W434,4,10,2,1774120028,False,16,False
W435,6,53,7,1774115732,False,16,False
W436,14,3,3,1774113307,False,29,False
W437,6,4,8,1774116805,False,40,True
W438,7,40,6,1774118810,False,43,True
W439,16,21,5,1774119150,False,18,True
W440,3,56,7,1774120295,False,44,True
W441,14,24,7,1774120076,True,31,False
W442,4,26,2,1774115085,True,19,True
W443,10,23,8,1774116315,False,50,False
W444,14,9,5,1774114847,False,26,False
W445,8,53,6,1774117505,True,23,False
W446,11,51,1,1774112939,True,37,False
W447,4,45,3,1774114356,False,44,False
W448,2,44,4,1774121625,False,23,True
W449,15,28,5,1774114116,True,11,True
W450,16,6,7,1774115581,False,21,True
W451,14,45,10,1774113483,True,7,False
W452,15,17,1,1774121636,False,34,True
W453,10,48,6,1774121010,True,35,False
W454,9,40,3,1774112224,True,9,False
W455,6,20,9,1774118711,True,34,False
W456,14,61,2,1774118874,True,48,True
W457,6,63,10,1774121409,False,16,False
W458,3,3,3,1774118918,True,42,True
W459,3,11,9,1774114967,True,20,False
W460,9,32,10,1774113222,False,41,False
W461,5,6,6,1774114220,True,50,False
W462,13,51,5,1774119392,True,50,True
W463,12,5,5,1774121926,False,33,True
W464,3,18,2,1774116659,True,42,True
W465,14,49,10,1774119152,True,7,False
W466,10,38,5,1774120414,False,49,True
W467,12,13,6,1774115019,False,13,False
W468,16,2,3,1774119048,False,49,True
W469,10,16,10,1774120202,True,9,True
W470,3,25,6,1774114461,True,35,True
W471,11,55,6,1774115628,True,47,False
W472,4,42,5,1774116278,False,43,False
W473,14,25,9,1774119779,False,9,False
W474,6,27,6,1774116510,True,33,True
W475,3,51,8,1774114440,False,17,True
W476,5,10,9,1774115745,False,47,True
W477,5,20,4,1774121283,False,45,True
W478,8,53,8,1774115059,False,9,False
W479,15,50,2,1774113825,True,24,True
W480,7,47,5,1774117903,True,14,True
W481,16,57,7,1774112188,False,8,True
W482,9,19,6,1774113103,False,35,True
W483,16,22,7,1774114268,True,34,False
W484,7,62,6,1774121075,True,15,True
W485,9,33,4,1774114739,True,7,True
W486,4,9,2,1774118381,False,15,False
W487,2,9,8,1774120202,False,43,False
W488,2,41,9,1774120433,True,21,False
W489,2,26,3,1774119573,False,10,False
W490,14,26,9,1774115026,False,18,True
W491,11,52,4,1774118742,False,34,True
W492,9,21,1,1774112205,False,45,False
W493,6,22,4,1774112328,False,49,False
W494,7,41,9,1774115569,True,5,False
W495,5,35,6,1774115437,False,45,False
W496,13,20,6,1774121477,True,7,False
W497,1,63,3,1774112239,True,14,True
W498,9,37,10,1774115611,False,20,False
W499,5,33,1,1774121657,True,42,True
W500,16,53,10,1774115629,True,47,True
W501,16,20,2,1774121028,True,24,True
W502,6,63,9,1774117454,True,45,True
W503,6,16,5,1774114988,True,29,True
W504,11,64,4,1774120264,False,30,False
W505,8,5,3,1774112055,True,17,False
W506,6,28,3,1774115996,False,48,False
W507,4,41,1,1774117965,False,23,False
W508,8,30,5,1774119513,True,41,False
W509,15,39,9,1774113899,False,16,False
W510,14,20,9,1774119356,True,24,False
W511,3,6,7,1774117812,True,50,True
W512,4,23,4,1774120986,False,17,True
W513,9,8,8,1774117892,False,6,True
W514,10,27,4,1774116385,True,14,True
W515,6,21,7,1774115717,True,8,False
W516,4,3,7,1774117384,True,17,False
W517,5,14,4,1774112603,False,38,True
W518,9,59,10,1774117734,True,8,True
W519,2,28,2,1774118133,True,36,False
W520,15,25,5,1774121167,False,31,True
W521,7,64,6,1774112258,True,28,True
W522,12,43,5,1774121053,True,28,True
W523,3,46,9,1774119107,False,42,False
W524,11,2,4,1774121223,False,22,False
W525,6,41,8,1774117187,False,28,False
W526,12,19,1,1774117665,True,12,False
W527,15,14,10,1774115448,False,42,False
W528,11,43,2,1774114275,False,23,True
W529,11,33,3,1774116456,False,50,True
W530,12,17,10,1774112592,True,26,False
W531,4,3,3,1774119795,True,19,False
W532,8,17,1,1774113495,True,28,False
W533,15,36,1,1774118841,False,37,False
W534,11,11,4,1774118246,True,21,False
W535,5,20,1,1774113500,True,24,True
W536,11,48,5,1774113637,False,19,False
W537,12,24,9,1774121177,True,32,True
W538,6,57,10,1774121060,True,23,True
W539,14,56,3,1774113252,True,35,False
W540,13,62,8,1774117891,True,38,False
W541,7,28,5,1774118622,True,6,False
W542,13,20,9,1774117112,True,44,False
W543,9,40,3,1774114966,True,8,False
W544,7,38,10,1774120778,False,21,True
W545,15,15,5,1774113319,True,39,False
W546,8,28,10,1774115237,True,49,False
W547,14,6,5,1774115800,False,25,True
W548,8,54,6,1774118873,True,20,False
W549,5,2,10,1774121487,True,35,False
W550,3,28,5,1774114463,True,33,False
W551,7,4,9,1774112231,True,47,True
W552,3,31,1,1774114029,True,18,True
W553,16,64,1,1774113739,False,20,False
W554,6,6,5,1774113394,True,29,False
W555,13,10,3,1774116839,False,20,False
W556,12,61,8,1774121246,False,30,True
W557,13,43,8,1774121788,False,7,True
W558,12,8,2,1774113712,False,16,False
W559,6,43,9,1774115140,True,20,False
W560,11,35,7,1774118139,True,9,False
W561,6,54,2,1774114965,True,15,False
W562,10,26,5,1774120716,True,37,True
W563,9,31,7,1774118788,False,10,False
W564,2,11,9,1774120298,True,27,False
W565,13,56,7,1774118755,True,48,True
W566,4,28,3,1774121889,True,14,False
W567,14,7,10,1774119895,False,34,False
W568,14,4,8,1774112094,False,47,False
W569,1,9,8,1774121902,True,20,True
W570,11,30,10,1774112092,False,16,True
W571,16,34,10,1774117730,False,18,False
W572,1,13,9,1774112759,False,19,True
W573,9,60,5,1774117538,False,27,True
W574,11,11,6,1774112667,False,48,True
W575,6,39,2,1774117368,True,50,True
W576,10,16,9,1774113442,True,10,False
W577,13,54,7,1774118380,True,5,False
W578,6,49,6,1774116131,False,33,False
W579,4,42,6,1774115813,False,19,False
W580,8,6,6,1774112122,False,49,False
W581,11,3,6,1774112178,True,47,False
W582,5,6,5,1774119785,False,22,True
W583,7,1,4,1774115305,True,50,False
W584,13,60,2,1774121754,False,40,True
W585,10,63,6,1774113768,False,18,True
W586,8,37,6,1774113897,True,30,True
W587,8,26,10,1774117662,True,31,True
W588,2,36,1,1774114470,False,38,False
W589,15,29,6,1774117015,False,5,True
W590,9,19,10,1774117741,True,19,False
W591,14,27,2,1774117129,False,22,False
W592,9,32,2,1774114384,True,35,True
W593,13,23,9,1774116606,False,32,True
W594,11,29,9,1774120047,False,45,False
W595,11,12,7,1774121693,True,22,True
W596,4,62,8,1774112715,False,42,False
W597,2,24,7,1774117284,True,50,False
W598,2,13,5,1774121791,True,41,True
W599,4,48,6,1774118198,False,12,False
W600,10,17,3,1774113688,False,48,False
W601,8,12,5,1774116548,False,46,True
W602,13,18,8,1774112830,True,15,True
W603,6,20,3,1774112473,True,44,True
W604,7,4,6,1774113306,False,30,False
W605,9,17,3,1774115900,False,41,True
W606,6,32,1,1774121027,False,48,True
W607,8,38,4,1774119876,True,43,False
W608,7,46,5,1774112018,True,9,False
W609,5,45,1,1774115602,True,48,False
W610,12,31,9,1774114502,True,33,False
W611,13,5,1,1774112835,False,6,True
W612,2,41,2,1774115727,True,23,False
W613,15,1,7,1774115714,False,15,False
W614,12,61,3,1774120421,True,9,False
W615,11,17,9,1774117870,False,44,False
W616,3,45,8,1774115848,False,22,False
W617,12,22,9,1774113390,True,47,True
W618,12,23,2,1774115600,False,23,False
W619,1,9,9,1774115141,True,29,True
W620,1,46,8,1774112003,False,36,True
W621,10,52,1,1774119194,False,22,True
W622,16,57,4,1774118759,True,29,True
W623,2,28,4,1774121993,False,18,True
W624,14,64,7,1774120928,False,13,True
W625,15,50,5,1774120745,True,41,True
W626,8,54,9,1774117574,True,39,True
W627,8,55,5,1774113959,True,43,False
W628,12,25,2,1774116241,False,46,True
W629,8,22,9,1774115118,True,41,False
W630,6,27,2,1774116975,True,31,False
W631,7,11,2,1774121681,True,46,True
W632,11,12,8,1774118045,True,23,True
W633,16,55,8,1774121128,True,46,True
W634,14,49,8,1774112428,False,16,True
W635,15,43,6,1774115891,True,34,False
W636,5,7,7,1774114577,False,27,True
W637,5,46,5,1774112292,True,12,False
W638,5,52,5,1774120973,False,50,False
W639,6,39,7,1774113245,True,43,False
W640,9,41,6,1774114709,True,47,False
W641,16,11,10,1774114933,True,38,True
W642,5,26,7,1774115175,False,13,False
W643,10,4,6,1774118140,False,38,False
W644,14,27,2,1774117464,False,32,False
W645,7,25,7,1774113324,False,5,True
W646,10,62,10,1774117114,True,23,False
W647,1,25,3,1774119653,False,7,False
W648,11,55,3,1774112086,False,22,True
W649,9,57,7,1774113345,True,26,False
W650,3,63,10,1774118230,False,39,True
W651,7,20,3,1774120974,True,45,False
W652,3,56,2,1774121019,True,8,False
W653,11,32,9,1774117999,False,33,False
W654,2,12,7,1774114278,False,44,False
W655,14,6,9,1774119049,True,32,True
W656,9,37,9,1774118847,True,49,True
W657,9,18,1,1774118173,False,50,False
W658,5,60,6,1774119604,False,36,False
W659,9,59,8,1774121394,False,13,False
W660,11,7,7,1774116427,True,32,True
W661,6,50,3,1774115640,True,43,False
W662,3,11,10,1774118221,False,12,True
W663,8,50,4,1774116415,False,34,True
W664,9,49,9,1774114554,False,32,False
W665,12,57,3,1774116926,False,26,True
W666,15,41,7,1774121312,True,5,False
W667,8,4,1,1774113596,False,12,True
W668,15,46,4,1774114960,False,44,False
W669,12,43,7,1774116649,False,39,True
W670,13,19,8,1774116131,False,25,False
W671,10,7,7,1774116129,False,20,True
W672,1,20,1,1774119590,True,39,False
W673,5,64,9,1774114505,False,38,True
W674,12,33,4,1774112301,True,45,False
W675,15,16,9,1774118966,True,8,True
W676,9,52,7,1774120136,False,7,False
W677,15,64,2,1774120964,False,22,True
W678,4,62,5,1774113937,False,46,True
W679,15,58,9,1774120575,False,22,True
W680,14,33,8,1774121743,True,30,True
W681,2,37,8,1774117212,True,41,False
W682,4,47,5,1774113580,False,15,False
W683,13,33,4,1774118902,False,38,False
W684,3,19,6,1774117074,False,50,False
W685,16,15,1,1774114106,False,22,True
W686,5,47,10,1774113331,False,19,True
W687,10,11,6,1774121469,True,48,False
W688,16,4,6,1774116293,True,36,True
W689,7,56,7,1774114966,True,14,False
W690,9,53,9,1774116924,False,33,False
W691,3,33,3,1774113479,True,35,False
W692,7,18,2,1774120779,True,49,False
W693,12,64,8,1774115024,False,42,False
W694,5,56,8,1774120301,False,25,True
W695,4,1,8,1774118511,False,11,True
W696,2,57,10,1774115979,True,14,True
W697,16,1,7,1774112352,False,38,True
W698,8,31,10,1774121638,True,30,False
W699,10,32,1,1774113855,False,46,False
W700,2,11,10,1774117740,False,42,False
W701,12,60,7,1774112137,True,38,True
W702,7,33,2,1774116665,False,10,False
W703,11,56,5,1774119305,True,7,False
W704,14,56,9,1774117844,False,38,False
W705,14,14,3,1774112636,False,48,False
W706,7,16,7,1774113374,True,7,True
W707,3,31,8,1774120701,False,39,False
W708,2,8,1,1774113470,True,39,False
W709,7,36,4,1774114463,True,26,False
W710,15,52,5,1774121338,True,38,True
W711,12,54,9,1774117303,False,40,True
W712,5,50,5,1774113537,True,44,False
W713,14,2,4,1774114895,True,34,True
W714,16,47,9,1774115836,True,19,True
W715,8,29,2,1774117239,False,33,False
W716,14,36,3,1774113836,False,9,True
W717,2,64,3,1774121858,False,43,True
W718,16,7,3,1774121928,False,42,True
W719,3,43,5,1774118271,True,9,True
W720,12,40,2,1774115744,False,34,True
W721,13,24,2,1774116737,True,13,False
W722,6,46,10,1774121906,True,22,True
W723,8,8,7,1774117026,True,5,True
W724,2,46,6,1774116067,True,28,True
W725,10,37,7,1774117979,True,18,False
W726,16,34,5,1774119346,True,19,False
W727,9,41,3,1774117893,False,13,True
W728,16,58,3,1774115887,False,46,False
W729,2,2,8,1774112442,True,20,True
W730,4,43,9,1774115601,True,46,False
W731,2,43,10,1774116924,False,35,False
W732,14,30,2,1774115704,True,49,False
W733,11,10,1,1774117828,True,36,False
W734,10,64,5,1774121347,False,18,True
W735,5,54,10,1774113146,True,40,False
W736,3,51,1,1774112596,False,40,False
W737,2,1,1,1774112999,True,5,False
W738,13,44,9,1774120421,True,47,True
W739,8,50,1,1774119333,True,23,True
W740,15,56,9,1774120688,True,35,False
W741,16,20,9,1774121053,False,13,True
W742,15,41,10,1774113584,False,39,True
W743,3,20,7,1774113483,True,15,False
W744,15,40,10,1774112012,False,11,False
W745,14,22,4,1774120727,False,29,True
W746,7,1,3,1774117437,False,45,False
W747,11,34,7,1774114559,True,17,True
W748,9,34,6,1774117158,True,13,False
W749,1,27,2,1774112932,True,47,False
W750,9,10,1,1774115062,False,23,True
W751,9,15,10,1774121992,False,50,False
W752,15,1,3,1774118712,True,33,True
W753,7,11,7,1774120392,True,46,True
W754,13,39,2,1774113892,False,26,True
W755,12,64,5,1774120269,True,37,True
W756,8,33,10,1774120283,False,45,False
W757,3,30,7,1774121100,True,41,False
W758,13,49,5,1774119693,True,21,False
W759,8,37,1,1774120113,True,22,False
W760,2,13,5,1774119462,False,44,False
W761,10,19,5,1774118574,True,15,False
W762,15,54,1,1774116675,True,21,True
W763,13,62,6,1774115315,False,27,False
W764,6,58,6,1774112034,False,8,False
W765,13,41,8,1774112209,True,14,True
W766,4,24,3,1774113508,True,50,True
W767,8,51,2,1774117633,True,46,False
W768,7,43,6,1774115836,False,49,True
W769,4,23,10,1774121476,True,6,False
W770,15,47,9,1774120087,False,22,False
W771,15,50,5,1774112310,False,34,False
W772,1,7,2,1774115961,True,13,False
W773,1,39,4,1774119798,True,21,True
W774,2,7,7,1774115947,False,30,True
W775,9,49,4,1774115488,False,5,False
W776,9,23,9,1774116814,False,35,False
W777,9,44,2,1774117792,True,48,True
W778,13,35,5,1774120022,False,30,True
W779,14,16,9,1774114025,False,48,False
W780,11,30,6,1774121154,False,5,True
W781,4,3,5,1774115570,False,38,True
W782,14,58,6,1774116592,True,11,False
W783,5,22,5,1774115291,False,48,False
W784,3,64,9,1774119625,False,44,True
W785,16,40,10,1774121824,False,11,False
W786,7,26,10,1774113271,True,39,False
W787,11,60,6,1774119667,False,32,True
W788,15,24,5,1774113490,False,37,True
W789,15,5,6,1774117452,False,10,False
W790,3,51,9,1774112177,True,41,True
W791,15,45,4,1774115199,True,47,False
W792,16,38,10,1774117935,False,36,False
W793,8,29,2,1774115330,False,34,True
W794,16,29,8,1774113995,True,14,False
W795,5,53,4,1774120205,False,8,False
W796,15,9,10,1774113469,False,29,True
W797,11,33,10,1774116585,False,9,False
W798,13,61,6,1774113922,True,5,True
W799,3,13,1,1774113915,False,16,True
W800,7,3,2,1774114319,False,39,True
W801,13,1,8,1774112578,False,9,True
W802,12,38,8,1774118467,False,36,False
W803,9,4,1,1774121602,True,44,False
W804,5,50,6,1774117813,True,48,False
W805,1,57,2,1774121746,True,30,False
W806,2,53,9,1774114175,True,37,False
W807,13,13,1,1774120961,False,28,False
W808,5,53,5,1774121850,True,25,False
W809,1,41,8,1774121462,True,18,False
W810,5,4,5,1774118665,True,20,True
W811,12,1,9,1774118715,True,50,False
W812,16,59,4,1774117111,False,45,False
W813,5,47,6,1774119571,False,12,True
W814,14,24,3,1774115036,False,14,False
W815,2,7,6,1774116567,True,37,False
W816,13,16,3,1774112927,False,16,True
W817,4,4,6,1774114175,True,41,True
W818,1,11,4,1774113530,True,26,False
W819,16,7,5,1774117773,True,36,False
W820,16,3,10,1774115586,True,17,False
W821,2,30,4,1774121289,True,28,False
W822,2,18,5,1774118830,True,7,True
W823,15,57,3,1774121653,True,16,True
W824,11,39,3,1774116984,False,23,True
W825,14,52,4,1774113465,True,49,False
W826,7,14,3,1774118492,False,8,True
W827,3,17,7,1774119357,True,6,False
W828,9,18,7,1774119345,True,21,True
W829,2,37,4,1774118034,False,11,False
W830,14,32,7,1774117551,False,11,False
W831,10,12,10,1774112414,False,35,False
W832,16,3,10,1774113296,False,31,False
W833,4,49,9,1774120851,False,21,True
W834,13,34,3,1774113788,True,28,False
W835,11,39,4,1774112571,False,6,True
W836,3,30,9,1774113419,True,11,True
W837,11,49,5,1774118052,True,18,False
W838,2,54,4,1774117651,True,34,False
W839,13,7,6,1774121284,True,22,False
W840,11,6,4,1774119831,False,32,True
W841,9,29,5,1774121041,False,30,False
W842,10,20,3,1774118363,False,10,False
W843,2,62,3,1774116174,False,40,False
W844,4,12,1,1774119662,True,16,False
W845,9,44,9,1774113124,True,50,True
W846,8,47,3,1774121570,True,24,False
W847,1,45,9,1774115226,True,31,False
W848,4,27,5,1774112984,True,37,True
W849,7,49,10,1774120864,True,32,False
W850,14,5,1,1774115343,True,37,False
W851,9,54,3,1774115452,False,45,False
W852,15,20,2,1774116521,False,38,True
W853,4,5,8,1774115183,True,42,True
W854,13,38,8,1774114154,False,13,False
W855,13,53,7,1774115777,True,15,True
W856,13,36,9,1774118780,False,41,False
W857,12,19,8,1774119257,False,23,False
W858,10,54,4,1774117945,True,50,True
W859,16,39,10,1774115603,True,43,True
W860,3,5,8,1774118885,True,38,False
W861,7,45,8,1774113331,False,19,True
W862,13,61,4,1774116703,True,23,True
W863,4,43,6,1774120237,True,10,True
W864,3,58,7,1774121858,True,32,False
W865,11,43,1,1774119954,True,5,True
W866,2,40,10,1774116741,False,28,True
W867,4,33,6,1774118141,False,13,False
W868,9,33,9,1774118556,False,31,False
W869,1,11,1,1774113616,True,32,False
W870,6,56,6,1774114148,True,6,False
W871,12,25,8,1774118376,False,20,False
W872,14,64,9,1774113972,False,45,False
W873,12,44,8,1774115500,False,27,True
W874,7,42,10,1774117218,True,24,False
W875,15,18,5,1774116298,True,23,False
W876,16,23,2,1774116379,True,28,False
W877,5,40,2,1774112013,True,40,False
W878,5,8,7,1774115394,True,36,False
W879,3,17,8,1774113888,True,36,True
W880,7,56,4,1774114700,False,6,True
W881,11,63,8,1774113539,True,34,False
W882,12,23,4,1774115597,False,11,True
W883,4,23,3,1774120235,True,30,True
W884,16,19,9,1774114651,False,10,True
W885,13,62,4,1774118942,False,7,True
W886,12,39,3,1774114549,True,26,True
W887,8,35,4,1774114045,False,18,True
W888,7,44,9,1774121967,True,36,False
W889,12,55,7,1774119649,True,32,False
W890,3,29,5,1774113688,True,16,True
W891,1,44,3,1774120301,False,21,True
W892,14,62,10,1774116757,True,39,True
W893,12,30,4,1774121657,True,32,True
W894,8,8,3,1774121758,False,28,False
W895,4,20,9,1774119809,True,38,True
W896,6,24,9,1774116981,True,30,False
W897,4,38,1,1774115296,True,13,True
W898,13,61,6,1774116421,False,23,False
W899,5,52,4,1774115416,False,43,True
W900,1,39,6,1774121346,False,39,False
W901,7,5,7,1774115179,False,45,True
W902,5,27,10,1774121601,True,24,False
W903,7,1,8,1774117188,False,31,True
W904,9,21,2,1774113749,False,33,True
W905,3,63,6,1774115860,False,16,True
W906,10,43,7,1774120661,True,11,False
W907,11,32,4,1774120701,True,49,True
W908,11,13,3,1774114141,False,50,False
W909,3,28,6,1774116939,False,30,False
W910,2,48,8,1774121145,False,8,False
W911,16,51,7,1774116692,True,9,True
W912,15,35,7,1774117164,True,17,False
W913,5,17,8,1774117599,True,27,True
W914,13,47,10,1774113060,True,39,True
W915,5,33,1,1774116668,True,20,True
W916,15,30,1,1774121208,False,15,False
W917,3,42,10,1774112049,True,24,False
W918,7,45,9,1774115176,True,27,False
W919,4,60,4,1774118678,True,47,True
W920,2,37,1,1774119943,False,7,False
W921,12,22,1,1774112232,False,27,False
W922,11,29,5,1774117175,True,18,False
W923,5,59,4,1774118639,False,13,True
W924,7,3,9,1774117993,False,12,False
W925,1,61,10,1774115099,True,40,True
W926,1,4,6,1774113745,False,37,True
W927,12,5,5,1774115602,True,45,True
W928,7,25,1,1774115183,False,42,True
W929,11,41,9,1774119655,False,32,True
W930,9,37,7,1774115819,False,32,False
W931,3,9,10,1774116502,False,33,True
W932,10,62,4,1774112713,True,26,True
W933,6,43,3,1774120120,True,43,True
W934,2,15,8,1774120701,True,29,True
W935,7,9,4,1774118641,True,40,True
W936,11,52,6,1774119595,False,48,True
W937,13,45,9,1774114582,False,20,True
W938,5,43,7,1774116659,True,19,False
W939,2,46,8,1774112181,False,10,False
W940,16,25,8,1774118655,True,23,False
W941,3,58,2,1774114550,False,43,True
W942,5,49,1,1774120203,True,50,True
W943,2,22,5,1774119129,False,28,False
W944,12,23,6,1774112324,False,40,False
W945,15,20,6,1774118138,False,8,True
W946,4,48,3,1774114503,False,36,False
W947,15,10,6,1774119600,True,23,False
W948,11,25,2,1774114617,True,30,False
W949,9,25,6,1774113552,True,22,True
W950,10,38,6,1774114609,True,48,False
W951,13,26,5,1774120595,False,18,True
W952,13,45,5,1774121550,False,46,False
W953,9,14,8,1774112103,False,17,False
W954,7,6,5,1774116671,False,20,True
W955,13,13,1,1774116464,False,31,True
W956,10,3,8,1774115827,True,32,False
W957,2,35,8,1774120462,False,32,True
W958,7,50,1,1774121181,False,14,False
W959,4,59,1,1774115278,False,50,False
W960,15,41,9,1774119142,True,31,True
W961,16,60,5,1774120424,True,44,True
W962,10,42,3,1774117622,True,6,False
W963,4,54,8,1774118283,True,10,False
W964,1,26,3,1774115667,True,21,True
W965,6,19,8,1774117852,False,35,False
W966,6,22,7,1774112231,False,32,False
W967,16,64,4,1774119761,False,29,True
W968,4,30,8,1774120438,True,6,False
W969,11,40,8,1774113461,False,28,False
W970,2,6,6,1774113856,False,22,True
W971,15,31,3,1774113844,True,42,False
W972,8,53,1,1774112488,False,18,False
W973,3,37,6,1774116339,False,19,False
W974,5,18,1,1774121793,False,23,True
W975,6,48,9,1774113155,True,16,True
W976,16,49,5,1774115714,False,18,False
W977,2,50,8,1774118395,False,15,False
W978,14,45,4,1774114868,False,5,True
W979,14,30,8,1774120742,False,14,True
W980,3,31,10,1774113286,False,8,True
W981,9,25,7,1774121986,False,44,True
W982,11,27,6,1774120480,False,35,True
W983,10,56,6,1774119803,True,35,False
W984,15,36,6,1774119487,False,27,True
W985,9,8,3,1774113160,True,50,False
W986,10,1,1,1774114249,False,15,True
W987,14,49,4,1774117964,False,42,False
W988,10,14,3,1774116509,True,22,False
W989,10,22,7,1774118037,True,7,False
W990,10,17,9,1774121679,False,11,False
W991,5,44,8,1774120696,False,6,True
W992,9,14,2,1774114857,True,43,True
W993,10,12,1,1774116900,True,20,True
W994,11,16,2,1774113624,False,34,True
W995,12,37,10,1774113197,False,41,False
W996,10,23,9,1774118102,False,49,True
W997,12,52,1,1774119012,True,13,True
W998,2,4,10,1774120700,False,22,True
W999,4,59,2,1774115397,True,44,False
W1000,7,1,6,1774116632,True,5,True
